{
    "default": {
        "avg_violation": 0.49942909999999996
    },
    "frequentist": {
        "avg_violation": 1.5125427999999999
    },
    "default_scaled": {
        "avg_violation": 0.17204590000000003
    }
}