{
    "default": {
        "avg_violation": 0.0608995
    },
    "frequentist": {
        "avg_violation": 0.31417249999999997
    },
    "default_scaled": {
        "avg_violation": 0.0220005
    }
}