{
    "default": {
        "avg_violation": 0.0313518
    },
    "frequentist": {
        "avg_violation": 0.188888
    },
    "default_scaled": {
        "avg_violation": 0.009400700000000001
    }
}