{
    "default": {
        "avg_violation": 0.038387700000000004
    },
    "frequentist": {
        "avg_violation": 0.21208340000000003
    },
    "default_scaled": {
        "avg_violation": 0.0117762
    }
}