{
    "default": {
        "avg_violation": 0.03422599999999999
    },
    "frequentist": {
        "avg_violation": 0.15162029999999999
    },
    "default_scaled": {
        "avg_violation": 0.0114064
    }
}