{
    "default": {
        "avg_violation": 0.017787749999999998
    },
    "frequentist": {
        "avg_violation": 0.14091874999999998
    },
    "default_scaled": {
        "avg_violation": 0.0055355
    }
}