{
    "default": {
        "avg_violation": 0.4078583
    },
    "frequentist": {
        "avg_violation": 0.7610291
    },
    "default_scaled": {
        "avg_violation": 0.14925400000000003
    }
}