{
    "default": {
        "avg_violation": 0.053328
    },
    "frequentist": {
        "avg_violation": 0.24829890000000004
    },
    "default_scaled": {
        "avg_violation": 0.017702799999999998
    }
}