{
    "default": {
        "avg_violation": 0.009281466666666665
    },
    "frequentist": {
        "avg_violation": 0.1843158
    }
}