{
    "default": {
        "avg_violation": 0.05508420000000001
    },
    "frequentist": {
        "avg_violation": 0.24385190000000004
    },
    "default_scaled": {
        "avg_violation": 0.0180542
    }
}