{
    "default": {
        "avg_violation": 0.03459059999999999
    },
    "frequentist": {
        "avg_violation": 0.1999813
    },
    "default_scaled": {
        "avg_violation": 0.010641099999999999
    }
}