{
    "default": {
        "avg_violation": 0.0380877
    },
    "frequentist": {
        "avg_violation": 0.1651338
    },
    "default_scaled": {
        "avg_violation": 0.014759100000000002
    }
}