{
    "default": {
        "avg_violation": 0.0483226
    },
    "frequentist": {
        "avg_violation": 0.21851150000000003
    },
    "default_scaled": {
        "avg_violation": 0.0153063
    }
}