{
    "NegChecker": {
        "default": {
            "n": 80,
            "violated": 34,
            "viol_avg": 0.19397332000000006,
            "viol_med": 0.0092706
        },
        "frequentist": {
            "n": 80,
            "violated": 42,
            "viol_avg": 0.4475754187500005,
            "viol_med": 0.1343523
        }
    },
    "AndChecker": {
        "default": {
            "n": 80,
            "violated": 8,
            "viol_avg": 0.022105121250000005,
            "viol_med": 0
        },
        "frequentist": {
            "n": 80,
            "violated": 13,
            "viol_avg": 0.06609725125,
            "viol_med": 0
        }
    },
    "OrChecker": {
        "default": {
            "n": 80,
            "violated": 45,
            "viol_avg": 0.20132384500000003,
            "viol_med": 0.0297613
        },
        "frequentist": {
            "n": 80,
            "violated": 48,
            "viol_avg": 0.4938162462499999,
            "viol_med": 0.2383656
        }
    },
    "AndOrChecker": {
        "default": {
            "n": 80,
            "violated": 39,
            "viol_avg": 0.12710608000000007,
            "viol_med": 0.0075938
        },
        "frequentist": {
            "n": 80,
            "violated": 50,
            "viol_avg": 0.39228669875000005,
            "viol_med": 0.2067787
        }
    },
    "ButChecker": {
        "default": {
            "n": 80,
            "violated": 63,
            "viol_avg": 0.30915512125,
            "viol_med": 0.0891956
        },
        "frequentist": {
            "n": 80,
            "violated": 67,
            "viol_avg": 0.6500761537500004,
            "viol_med": 0.4651303
        }
    },
    "CondChecker": {
        "default": {
            "n": 80,
            "violated": 26,
            "viol_avg": 0.047830671250000005,
            "viol_med": 0.0037324
        },
        "frequentist": {
            "n": 80,
            "violated": 21,
            "viol_avg": 0.13214237375000001,
            "viol_med": 0.0761608
        }
    },
    "ConsequenceChecker": {
        "default": {
            "n": 80,
            "violated": 9,
            "viol_avg": 0.021077613749999998,
            "viol_med": 0
        },
        "frequentist": {
            "n": 80,
            "violated": 11,
            "viol_avg": 0.06602951874999999,
            "viol_med": 0
        }
    },
    "ParaphraseChecker": {
        "default": {
            "n": 80,
            "violated": 28,
            "viol_avg": 0.07093603125,
            "viol_med": 0
        },
        "frequentist": {
            "n": 80,
            "violated": 32,
            "viol_avg": 0.19955631750000002,
            "viol_med": 0.0
        }
    },
    "CondCondChecker": {
        "default": {
            "n": 80,
            "violated": 29,
            "viol_avg": 0.022430040000000002,
            "viol_med": 0
        },
        "frequentist": {
            "n": 80,
            "violated": 36,
            "viol_avg": 0.1648684625,
            "viol_med": 0.0957826
        }
    }
}