{
    "NegChecker": {
        "default": {
            "n": 80,
            "violated": 34,
            "viol_avg": 0.1939663,
            "viol_med": 0.0092737
        },
        "frequentist": {
            "n": 80,
            "violated": 59,
            "viol_avg": 0.4475754187500005,
            "viol_med": 0.1343523
        }
    },
    "AndChecker": {
        "default": {
            "n": 80,
            "violated": 8,
            "viol_avg": 0.02210637875,
            "viol_med": 0
        },
        "frequentist": {
            "n": 80,
            "violated": 14,
            "viol_avg": 0.06609725125,
            "viol_med": 0
        }
    },
    "OrChecker": {
        "default": {
            "n": 80,
            "violated": 45,
            "viol_avg": 0.20132644250000004,
            "viol_med": 0.0297615
        },
        "frequentist": {
            "n": 80,
            "violated": 56,
            "viol_avg": 0.4938162462499999,
            "viol_med": 0.2383656
        }
    },
    "AndOrChecker": {
        "default": {
            "n": 80,
            "violated": 36,
            "viol_avg": 0.12455327375000003,
            "viol_med": 0.0032422
        },
        "frequentist": {
            "n": 80,
            "violated": 71,
            "viol_avg": 0.39228669875000005,
            "viol_med": 0.2067787
        }
    },
    "ButChecker": {
        "default": {
            "n": 80,
            "violated": 63,
            "viol_avg": 0.30925777125,
            "viol_med": 0.0891956
        },
        "frequentist": {
            "n": 80,
            "violated": 77,
            "viol_avg": 0.6500761537500004,
            "viol_med": 0.4651303
        }
    },
    "CondChecker": {
        "default": {
            "n": 80,
            "violated": 26,
            "viol_avg": 0.04785727375,
            "viol_med": 0.0037324
        },
        "frequentist": {
            "n": 80,
            "violated": 71,
            "viol_avg": 0.13214237375000001,
            "viol_med": 0.0761608
        }
    },
    "ConsequenceChecker": {
        "default": {
            "n": 80,
            "violated": 9,
            "viol_avg": 0.021077613749999998,
            "viol_med": 0
        },
        "frequentist": {
            "n": 80,
            "violated": 13,
            "viol_avg": 0.06602951874999999,
            "viol_med": 0
        }
    },
    "ParaphraseChecker": {
        "default": {
            "n": 80,
            "violated": 28,
            "viol_avg": 0.07093603125,
            "viol_med": 0
        },
        "frequentist": {
            "n": 80,
            "violated": 38,
            "viol_avg": 0.19955631750000002,
            "viol_med": 0.0
        }
    },
    "CondCondChecker": {
        "default": {
            "n": 80,
            "violated": 29,
            "viol_avg": 0.022127796250000005,
            "viol_med": 0
        },
        "frequentist": {
            "n": 80,
            "violated": 77,
            "viol_avg": 0.1648684625,
            "viol_med": 0.0957826
        }
    }
}