{
    "NegChecker": {
        "default": {
            "n": 80,
            "violated": 43,
            "viol_avg": 0.08108066124999999,
            "viol_med": 0.012004
        },
        "frequentist": {
            "n": 80,
            "violated": 43,
            "viol_avg": 0.26841707374999996,
            "viol_med": 0.1550434
        }
    },
    "AndChecker": {
        "default": {
            "n": 80,
            "violated": 10,
            "viol_avg": 0.013046576250000002,
            "viol_med": 0
        },
        "frequentist": {
            "n": 80,
            "violated": 12,
            "viol_avg": 0.05822922374999999,
            "viol_med": 0
        }
    },
    "OrChecker": {
        "default": {
            "n": 80,
            "violated": 26,
            "viol_avg": 0.042891263749999985,
            "viol_med": 0.0025094
        },
        "frequentist": {
            "n": 80,
            "violated": 28,
            "viol_avg": 0.1563497000000001,
            "viol_med": 0.070817
        }
    },
    "AndOrChecker": {
        "default": {
            "n": 80,
            "violated": 49,
            "viol_avg": 0.05898001250000003,
            "viol_med": 0.0151646
        },
        "frequentist": {
            "n": 80,
            "violated": 52,
            "viol_avg": 0.2496086412499999,
            "viol_med": 0.1741199
        }
    },
    "ButChecker": {
        "default": {
            "n": 80,
            "violated": 63,
            "viol_avg": 0.08661759875,
            "viol_med": 0.0443113
        },
        "frequentist": {
            "n": 80,
            "violated": 64,
            "viol_avg": 0.34044439749999994,
            "viol_med": 0.2939143
        }
    },
    "CondChecker": {
        "default": {
            "n": 80,
            "violated": 39,
            "viol_avg": 0.030954570000000008,
            "viol_med": 0.0090096
        },
        "frequentist": {
            "n": 80,
            "violated": 31,
            "viol_avg": 0.12516995125000002,
            "viol_med": 0.0808718
        }
    },
    "ConsequenceChecker": {
        "default": {
            "n": 80,
            "violated": 4,
            "viol_avg": 0.047908967499999996,
            "viol_med": 0
        },
        "frequentist": {
            "n": 80,
            "violated": 4,
            "viol_avg": 0.08729952125,
            "viol_med": 0
        }
    },
    "ParaphraseChecker": {
        "default": {
            "n": 80,
            "violated": 30,
            "viol_avg": 0.009952491249999997,
            "viol_med": 0.0043523
        },
        "frequentist": {
            "n": 80,
            "violated": 32,
            "viol_avg": 0.10324254749999999,
            "viol_med": 0.0930887
        }
    },
    "CondCondChecker": {
        "default": {
            "n": 80,
            "violated": 34,
            "viol_avg": 0.020890638750000003,
            "viol_med": 0.0048059
        },
        "frequentist": {
            "n": 80,
            "violated": 32,
            "viol_avg": 0.1250983175,
            "viol_med": 0.0836139
        }
    }
}