{
    "NegChecker": {
        "default": {
            "n": 80,
            "violated": 42,
            "viol_avg": 0.0810703925,
            "viol_med": 0.012004
        },
        "frequentist": {
            "n": 80,
            "violated": 68,
            "viol_avg": 0.26841707374999996,
            "viol_med": 0.1550434
        }
    },
    "AndChecker": {
        "default": {
            "n": 80,
            "violated": 10,
            "viol_avg": 0.013045932500000001,
            "viol_med": 0
        },
        "frequentist": {
            "n": 80,
            "violated": 20,
            "viol_avg": 0.05822922374999999,
            "viol_med": 0
        }
    },
    "OrChecker": {
        "default": {
            "n": 80,
            "violated": 26,
            "viol_avg": 0.042774625,
            "viol_med": 0.0011562
        },
        "frequentist": {
            "n": 80,
            "violated": 44,
            "viol_avg": 0.1563497000000001,
            "viol_med": 0.070817
        }
    },
    "AndOrChecker": {
        "default": {
            "n": 80,
            "violated": 48,
            "viol_avg": 0.0573058525,
            "viol_med": 0.0139224
        },
        "frequentist": {
            "n": 80,
            "violated": 75,
            "viol_avg": 0.2496086412499999,
            "viol_med": 0.1741199
        }
    },
    "ButChecker": {
        "default": {
            "n": 80,
            "violated": 61,
            "viol_avg": 0.08237840500000002,
            "viol_med": 0.0443113
        },
        "frequentist": {
            "n": 80,
            "violated": 77,
            "viol_avg": 0.34044439749999994,
            "viol_med": 0.2939143
        }
    },
    "CondChecker": {
        "default": {
            "n": 80,
            "violated": 35,
            "viol_avg": 0.028860396249999996,
            "viol_med": 0.0063163
        },
        "frequentist": {
            "n": 80,
            "violated": 74,
            "viol_avg": 0.12516995125000002,
            "viol_med": 0.0808718
        }
    },
    "ConsequenceChecker": {
        "default": {
            "n": 80,
            "violated": 4,
            "viol_avg": 0.047908967499999996,
            "viol_med": 0
        },
        "frequentist": {
            "n": 80,
            "violated": 9,
            "viol_avg": 0.08729952125,
            "viol_med": 0
        }
    },
    "ParaphraseChecker": {
        "default": {
            "n": 80,
            "violated": 30,
            "viol_avg": 0.009952491249999997,
            "viol_med": 0.0043523
        },
        "frequentist": {
            "n": 80,
            "violated": 56,
            "viol_avg": 0.10324254749999999,
            "viol_med": 0.0930887
        }
    },
    "CondCondChecker": {
        "default": {
            "n": 80,
            "violated": 25,
            "viol_avg": 0.015117496249999997,
            "viol_med": 0
        },
        "frequentist": {
            "n": 80,
            "violated": 72,
            "viol_avg": 0.1250983175,
            "viol_med": 0.0836139
        }
    }
}