{
    "NegChecker": {
        "default": {
            "n": 80,
            "violated": 42,
            "viol_avg": 0.08107038155143356,
            "viol_med": 0.012003963322659406
        },
        "frequentist": {
            "n": 80,
            "violated": 68,
            "viol_avg": 0.3084242850645086,
            "viol_med": 0.1632993161855452
        }
    },
    "AndChecker": {
        "default": {
            "n": 80,
            "violated": 10,
            "viol_avg": 0.013045615353630451,
            "viol_med": 0
        },
        "frequentist": {
            "n": 80,
            "violated": 20,
            "viol_avg": 0.05841209661691125,
            "viol_med": 0
        }
    },
    "OrChecker": {
        "default": {
            "n": 80,
            "violated": 26,
            "viol_avg": 0.0427748038021051,
            "viol_med": 0.0011562017713721007
        },
        "frequentist": {
            "n": 80,
            "violated": 44,
            "viol_avg": 0.1565966545050658,
            "viol_med": 0.07088812050083357
        }
    },
    "AndOrChecker": {
        "default": {
            "n": 80,
            "violated": 47,
            "viol_avg": 0.05720283428163264,
            "viol_med": 0.013922362338024671
        },
        "frequentist": {
            "n": 80,
            "violated": 75,
            "viol_avg": 0.24982752219302212,
            "viol_med": 0.17428904359393732
        }
    },
    "ButChecker": {
        "default": {
            "n": 80,
            "violated": 61,
            "viol_avg": 0.08227914917600146,
            "viol_med": 0.04405019791793724
        },
        "frequentist": {
            "n": 80,
            "violated": 77,
            "viol_avg": 0.34078072694480477,
            "viol_med": 0.29411764705882354
        }
    },
    "CondChecker": {
        "default": {
            "n": 80,
            "violated": 35,
            "viol_avg": 0.028831506968880587,
            "viol_med": 0.006316285317530826
        },
        "frequentist": {
            "n": 80,
            "violated": 74,
            "viol_avg": 0.12528881114727958,
            "viol_med": 0.08093446482740975
        }
    },
    "ConsequenceChecker": {
        "default": {
            "n": 80,
            "violated": 4,
            "viol_avg": 0.047908967331713306,
            "viol_med": 0
        },
        "frequentist": {
            "n": 80,
            "violated": 9,
            "viol_avg": 0.08784379291694322,
            "viol_med": 0
        }
    },
    "ParaphraseChecker": {
        "default": {
            "n": 80,
            "violated": 30,
            "viol_avg": 0.00995249022016039,
            "viol_med": 0.004352320476355587
        },
        "frequentist": {
            "n": 80,
            "violated": 56,
            "viol_avg": 0.10342037873862844,
            "viol_med": 0.09325048082403141
        }
    },
    "CondCondChecker": {
        "default": {
            "n": 80,
            "violated": 25,
            "viol_avg": 0.015019096219717754,
            "viol_med": 0
        },
        "frequentist": {
            "n": 80,
            "violated": 73,
            "viol_avg": 0.12610301043819497,
            "viol_med": 0.0837627654062362
        }
    }
}