{
    "NegChecker": {
        "default": {
            "n": 80,
            "violated": 34,
            "viol_avg": 0.1940055912500001,
            "viol_med": 0.0092749
        },
        "frequentist": {
            "n": 80,
            "violated": 42,
            "viol_avg": 0.4475754187500005,
            "viol_med": 0.1343523
        }
    },
    "AndChecker": {
        "default": {
            "n": 80,
            "violated": 8,
            "viol_avg": 0.022113967500000005,
            "viol_med": 0.0
        },
        "frequentist": {
            "n": 80,
            "violated": 13,
            "viol_avg": 0.06609725125,
            "viol_med": 0
        }
    },
    "OrChecker": {
        "default": {
            "n": 80,
            "violated": 45,
            "viol_avg": 0.20455732124999998,
            "viol_med": 0.0297662
        },
        "frequentist": {
            "n": 80,
            "violated": 48,
            "viol_avg": 0.4938162462499999,
            "viol_med": 0.2383656
        }
    },
    "AndOrChecker": {
        "default": {
            "n": 80,
            "violated": 49,
            "viol_avg": 0.14223558749999993,
            "viol_med": 0.0217551
        },
        "frequentist": {
            "n": 80,
            "violated": 50,
            "viol_avg": 0.39228669875000005,
            "viol_med": 0.2067787
        }
    },
    "ButChecker": {
        "default": {
            "n": 80,
            "violated": 67,
            "viol_avg": 0.31369847499999987,
            "viol_med": 0.1089489
        },
        "frequentist": {
            "n": 80,
            "violated": 67,
            "viol_avg": 0.6500761537500004,
            "viol_med": 0.4651303
        }
    },
    "CondChecker": {
        "default": {
            "n": 80,
            "violated": 37,
            "viol_avg": 0.05191125875000001,
            "viol_med": 0.0086564
        },
        "frequentist": {
            "n": 80,
            "violated": 21,
            "viol_avg": 0.13214237375000001,
            "viol_med": 0.0761608
        }
    },
    "ConsequenceChecker": {
        "default": {
            "n": 80,
            "violated": 9,
            "viol_avg": 0.021077613749999998,
            "viol_med": 0
        },
        "frequentist": {
            "n": 80,
            "violated": 11,
            "viol_avg": 0.06602951874999999,
            "viol_med": 0
        }
    },
    "ParaphraseChecker": {
        "default": {
            "n": 80,
            "violated": 28,
            "viol_avg": 0.07093603125,
            "viol_med": 0.0
        },
        "frequentist": {
            "n": 80,
            "violated": 32,
            "viol_avg": 0.19955631750000002,
            "viol_med": 0.0
        }
    },
    "CondCondChecker": {
        "default": {
            "n": 80,
            "violated": 36,
            "viol_avg": 0.032238406250000004,
            "viol_med": 0.0089867
        },
        "frequentist": {
            "n": 80,
            "violated": 36,
            "viol_avg": 0.1648684625,
            "viol_med": 0.0957826
        }
    }
}