{
    "NegChecker": {
        "total": 80,
        "violated": 34,
        "viol_avg": 0.1939733168728009,
        "viol_med": 0.009270625406502031
    },
    "AndChecker": {
        "total": 80,
        "violated": 8,
        "viol_avg": 0.022105122955640412,
        "viol_med": 0
    },
    "OrChecker": {
        "total": 80,
        "violated": 45,
        "viol_avg": 0.20132384018327126,
        "viol_med": 0.02976129200083759
    },
    "AndOrChecker": {
        "total": 80,
        "violated": 39,
        "viol_avg": 0.12710608130436454,
        "viol_med": 0.007593757220829889
    },
    "ButChecker": {
        "total": 80,
        "violated": 63,
        "viol_avg": 0.30915511805129725,
        "viol_med": 0.08919558971671382
    },
    "CondChecker": {
        "total": 80,
        "violated": 26,
        "viol_avg": 0.04783067178241363,
        "viol_med": 0.0037323922689143432
    },
    "ConsequenceChecker": {
        "total": 80,
        "violated": 9,
        "viol_avg": 0.021077612151101627,
        "viol_med": 0
    },
    "ParaphraseChecker": {
        "total": 80,
        "violated": 28,
        "viol_avg": 0.07093603437327145,
        "viol_med": 0
    },
    "CondCondChecker": {
        "total": 80,
        "violated": 29,
        "viol_avg": 0.022430044536500666,
        "viol_med": 0
    }
}