{
    "NegChecker": {
        "default": {
            "n": 80,
            "violated": 48,
            "viol_avg": 0.03713360125000001,
            "viol_med": 0.012004
        },
        "frequentist": {
            "n": 80,
            "violated": 48,
            "viol_avg": 0.19676464875000008,
            "viol_med": 0.1550434
        }
    },
    "AndChecker": {
        "default": {
            "n": 80,
            "violated": 2,
            "viol_avg": 0.007546726250000001,
            "viol_med": 0
        },
        "frequentist": {
            "n": 80,
            "violated": 2,
            "viol_avg": 0.020281425000000002,
            "viol_med": 0
        }
    },
    "OrChecker": {
        "default": {
            "n": 80,
            "violated": 39,
            "viol_avg": 0.03635748,
            "viol_med": 0.0078486
        },
        "frequentist": {
            "n": 80,
            "violated": 39,
            "viol_avg": 0.17602236875,
            "viol_med": 0.1069656
        }
    },
    "AndOrChecker": {
        "default": {
            "n": 80,
            "violated": 48,
            "viol_avg": 0.04723541875,
            "viol_med": 0.016237
        },
        "frequentist": {
            "n": 80,
            "violated": 55,
            "viol_avg": 0.24504463624999998,
            "viol_med": 0.195389
        }
    },
    "ButChecker": {
        "default": {
            "n": 80,
            "violated": 44,
            "viol_avg": 0.04452882749999999,
            "viol_med": 0.0187785
        },
        "frequentist": {
            "n": 80,
            "violated": 55,
            "viol_avg": 0.24665966499999997,
            "viol_med": 0.207143
        }
    },
    "CondChecker": {
        "default": {
            "n": 80,
            "violated": 28,
            "viol_avg": 0.01855538125,
            "viol_med": 0.0056704
        },
        "frequentist": {
            "n": 80,
            "violated": 13,
            "viol_avg": 0.08557179875000001,
            "viol_med": 0.0670552
        }
    },
    "ConsequenceChecker": {
        "default": {
            "n": 80,
            "violated": 6,
            "viol_avg": 0.023375378750000002,
            "viol_med": 0
        },
        "frequentist": {
            "n": 80,
            "violated": 6,
            "viol_avg": 0.05555953500000001,
            "viol_med": 0
        }
    },
    "ParaphraseChecker": {
        "default": {
            "n": 80,
            "violated": 27,
            "viol_avg": 0.015664541249999997,
            "viol_med": 0
        },
        "frequentist": {
            "n": 80,
            "violated": 28,
            "viol_avg": 0.10094616625,
            "viol_med": 0.0
        }
    },
    "CondCondChecker": {
        "default": {
            "n": 80,
            "violated": 28,
            "viol_avg": 0.013177988749999998,
            "viol_med": 0.0021589
        },
        "frequentist": {
            "n": 80,
            "violated": 34,
            "viol_avg": 0.13135344624999995,
            "viol_med": 0.1137643
        }
    }
}