{
  "Will a member of the Trump family be the Republican nominee for the US Presidency in 2024?": {
    "default": {
      "avg_violation": 10.2874855,
      "num_violations": 9,
      "num_samples": 18,
      "violation_rate": 0.5,
      "weighted_violations": 0.5
    },
    "frequentist": {
      "avg_violation": 0.2520473333333333,
      "num_violations": 13,
      "num_samples": 18,
      "violation_rate": 0.7222222222222222,
      "weighted_violations": 0.6666666666666666
    }
  },
  "Will Tucker Carlson be the Republican nominee for the 2024 US Presidential Election?": {
    "default": {
      "avg_violation": 0.005833833333333333,
      "num_violations": 6,
      "num_samples": 18,
      "violation_rate": 0.3333333333333333,
      "weighted_violations": 0.25
    },
    "frequentist": {
      "avg_violation": 0.10122116666666665,
      "num_violations": 10,
      "num_samples": 18,
      "violation_rate": 0.5555555555555556,
      "weighted_violations": 0.4166666666666667
    }
  },
  "Will Donald Trump be the Republican nominee for the 2024 US Presidential Election?": {
    "default": {
      "avg_violation": 0.024074333333333333,
      "num_violations": 10,
      "num_samples": 18,
      "violation_rate": 0.5555555555555556,
      "weighted_violations": 0.5416666666666666
    },
    "frequentist": {
      "avg_violation": 0.20682916666666665,
      "num_violations": 11,
      "num_samples": 18,
      "violation_rate": 0.6111111111111112,
      "weighted_violations": 0.5833333333333334
    }
  }
}