{
    "default": {
        "avg_violation": 0.029903400000000004
    },
    "frequentist": {
        "avg_violation": 0.1739728
    },
    "default_scaled": {
        "avg_violation": 0.010450200000000002
    }
}